,match_id,match_date,kick_off,competition,season,home_team,away_team,home_score,away_score,match_status,match_status_360,last_updated,last_updated_360,match_week,competition_stage,stadium,referee,home_managers,away_managers,data_version,shot_fidelity_version,xy_fidelity_version,total_goals,goal_diff,HSA
72,3890503,2016-04-02,15:30:00.000,Germany - 1. Bundesliga,2015/2016,FSV Mainz 05,Augsburg,4,2,available,unscheduled,2023-08-03T05:08:26.422509,,28,Regular Season,Mewa Arena,Patrick Ittrich,Martin Schmidt,Markus Weinzierl,1.1.0,2,2,6,2,1
90,3890485,2016-03-12,16:30:00.000,Germany - 1. Bundesliga,2015/2016,Ingolstadt,VfB Stuttgart,3,3,available,unscheduled,2023-07-19T14:27:54.589112,,26,Regular Season,Audi-Sportpark,Manuel Gräfe,Ralph Hasenhüttl,Jürgen Kramny,1.1.0,2,2,6,0,1
98,3890477,2016-03-05,16:30:00.000,Germany - 1. Bundesliga,2015/2016,Augsburg,Bayer Leverkusen,3,3,available,unscheduled,2023-07-24T09:18:59.971988,,25,Regular Season,WWK Arena,Markus Schmidt,Markus Weinzierl,Roger Schmidt,1.1.0,2,2,6,0,1
142,3890433,2016-02-06,16:30:00.000,Germany - 1. Bundesliga,2015/2016,Eintracht Frankfurt,VfB Stuttgart,2,4,available,unscheduled,2023-07-13T19:21:29.338847,,20,Regular Season,Deutsche Bank Park,Peter Sippel,Armin Veh,Jürgen Kramny,1.1.0,2,2,6,2,1
150,3890425,2016-01-30,16:30:00.000,Germany - 1. Bundesliga,2015/2016,Werder Bremen,Hertha Berlin,3,3,available,unscheduled,2023-07-16T19:16:55.415276,,19,Regular Season,Wohninvest Weserstadion ,Bastian Dankert,Viktor Skripnik,Pál Dárdai,1.1.0,2,2,6,0,1
191,3890377,2015-11-28,16:30:00.000,Germany - 1. Bundesliga,2015/2016,Hoffenheim,Borussia Mönchengladbach,3,3,available,unscheduled,2023-07-16T00:43:36.210769,,14,Regular Season,PreZero Arena,Michael Weiner,Huub Stevens,André Schubert,1.1.0,2,2,6,0,1
214,3890354,2015-10-31,16:30:00.000,Germany - 1. Bundesliga,2015/2016,Augsburg,FSV Mainz 05,3,3,available,unscheduled,2023-07-12T23:13:22.707283,,11,Regular Season,WWK Arena,Marco Fritz,Markus Weinzierl,Martin Schmidt,1.1.0,2,2,6,0,1
222,3890346,2015-10-24,15:30:00.000,Germany - 1. Bundesliga,2015/2016,Bayer Leverkusen,VfB Stuttgart,4,3,available,unscheduled,2023-08-05T12:28:04.749075,,10,Regular Season,BayArena,Felix Brych,Roger Schmidt,Alexander Zorniger,1.1.0,2,2,7,1,1
233,3890335,2015-10-17,15:30:00.000,Germany - 1. Bundesliga,2015/2016,Wolfsburg,Hoffenheim,4,2,available,unscheduled,2023-07-11T17:55:45.958955,,9,Regular Season,Volkswagen Arena,Felix Brych,Dieter Hecking,Markus Gisdol,1.1.0,2,2,6,2,1
260,3890308,2015-09-23,20:00:00.000,Germany - 1. Bundesliga,2015/2016,Borussia Mönchengladbach,Augsburg,4,2,available,unscheduled,2023-07-25T09:12:13.309852,,6,Regular Season,Stadion im BORUSSIA-PARK,Daniel Siebert,André Schubert,Markus Weinzierl,1.1.0,2,2,6,2,1
276,3890292,2015-09-12,15:30:00.000,Germany - 1. Bundesliga,2015/2016,Hannover 96,Borussia Dortmund,2,4,available,unscheduled,2023-07-30T15:17:08.547878,,4,Regular Season,Heinz von Heiden-Arena,Daniel Siebert,Michael Frontzeck,Thomas Tuchel,1.1.0,2,2,6,2,1
42,3920397,2024-01-18,16:00:00.000,Africa - African Cup of Nations,2023,Equatorial Guinea,Guinea-Bissau,4,2,available,unscheduled,2024-02-01T16:08:33.425930,,2,Group Stage,Stade Olympique Alassane Ouattara,Samuel Uwikunda,Juan Micha Obiang Bicogo,Baciro Candé,1.1.0,2,2,6,2,1
0,2302764,2005-05-25,,Europe - Champions League,2004/2005,AC Milan,Liverpool,3,3,available,scheduled,2021-04-01T06:18:57.459032,2021-06-13T16:17:31.694,1,Final,Atatürk Olimpiyat Stadı,,,,1.1.0,2,2,6,0,1
47,3775561,2020-10-18,13:30:00.000,England - FA Women's Super League,2020/2021,West Ham United LFC,Manchester United,2,4,available,scheduled,2022-08-16T01:00:32.348260,2021-06-13T16:17:31.694,5,Regular Season,Chigwell Construction Stadium,Ryan Atkin,Matt Beard,Casey Stoney,1.1.0,2,2,6,2,1
13,2275105,2020-02-23,15:00:00.000,England - FA Women's Super League,2019/2020,Manchester City WFC,Chelsea FCW,3,3,available,scheduled,2020-07-29T05:00,2021-06-13T16:17:31.694,17,Regular Season,Academy Stadium ,Rebecca Welch,Alan Mahon,Emma Hayes,1.1.0,2,2,6,0,1
27,2275122,2019-11-17,15:00:00.000,England - FA Women's Super League,2019/2020,Reading WFC,Bristol City WFC,3,3,available,scheduled,2023-07-25T01:00:17.860861,2021-06-13T16:17:31.694,6,Regular Season,Select Car Leasing Stadium,Kirsty Dowle,Kelly Chambers,Tanya Oxtoby,1.1.0,2,2,6,0,1
80,2275133,2020-02-23,16:00:00.000,England - FA Women's Super League,2019/2020,West Ham United LFC,Liverpool WFC,4,2,available,scheduled,2022-12-01T11:59:06.730155,2021-06-13T16:17:31.694,17,Regular Season,The Rush Green Stadium,Matthew Russell,Matt Beard,Victoria Jepson,1.1.0,2,2,6,2,1
13,19734,2018-10-14,15:00:00.000,England - FA Women's Super League,2018/2019,Everton LFC,Brighton & Hove Albion WFC,3,3,available,scheduled,2023-07-24T19:39:06.270757,2021-06-13T16:17:31.694,5,Regular Season,Haig Avenue,Steven Copeland,Andy Spence,Hope Patricia Powell,1.0.3,,,6,0,1
79,19781,2019-01-06,13:30:00.000,England - FA Women's Super League,2018/2019,West Ham United LFC,Arsenal WFC,2,4,available,scheduled,2023-07-24T19:40:51.629538,2021-06-13T16:17:31.694,13,Regular Season,The Rush Green Stadium,Will Finnie,Matt Beard,Joseph Montemurro,1.0.3,,,6,2,1
100,19801,2019-03-13,20:30:00.000,England - FA Women's Super League,2018/2019,Reading WFC,Manchester City WFC,3,4,available,scheduled,2023-07-24T19:39:19.637359,2021-06-13T16:17:31.694,18,Regular Season,Adams Park ,Tom Reeves,Kelly Chambers,Nick Cushing,1.1.0,,,7,1,1
104,19724,2018-09-23,15:00:00.000,England - FA Women's Super League,2018/2019,Arsenal WFC,West Ham United LFC,4,3,available,scheduled,2020-07-29T05:00,2021-06-13T16:17:31.694,3,Regular Season,Meadow Park ,Paul Howard,Joseph Montemurro,Matt Beard,1.0.3,,,7,1,1
9,3869685,2022-12-18,17:00:00.000,International - FIFA World Cup,2022,Argentina,France,3,3,available,available,2023-02-20T07:27:19.374380,2023-08-17T15:55:15.164685,7,Final,Lusail Stadium,Szymon Marciniak,Lionel Sebastián Scaloni,Didier Deschamps,1.1.0,2,2,6,0,1
30,3857259,2022-11-28,12:00:00.000,International - FIFA World Cup,2022,Cameroon,Serbia,3,3,available,available,2023-05-02T06:22:00.966145,2023-06-20T16:12:11.659469,2,Group Stage,Al Janoub Stadium   ,Mohamed Abdulla Hassan Mohd,Rigobert Song Bahanag,Dragan Stojković,1.1.0,2,2,6,0,1
43,3857292,2022-12-01,21:00:00.000,International - FIFA World Cup,2022,Costa Rica,Germany,2,4,available,available,2023-04-11T12:52:20.153725,2023-06-19T12:41:31.766700,3,Group Stage,Al Bayt Stadium,Stéphanie Frappart,Luis Fernando Suárez Guzman,Hans-Dieter Flick,1.1.0,2,2,6,2,1
17,7576,2018-06-15,20:00:00.000,International - FIFA World Cup,2018,Portugal,Spain,3,3,available,scheduled,2021-12-06T22:30:32.372616,2021-06-13T16:17:31.694,1,Group Stage,	Olimpiyskiy Stadion Fisht ,Gianluca Rocchi,Fernando Manuel Fernandes da Costa Santos,Fernando Ruiz Hierro,1.0.2,,,6,0,1
21,7580,2018-06-30,16:00:00.000,International - FIFA World Cup,2018,France,Argentina,4,3,available,scheduled,2023-07-24T13:08:22.514280,2021-06-13T16:17:31.694,4,Round of 16,Ak Bars Arena,Alireza Faghani,Didier Deschamps,Jorge Luis Sampaoli Moya,1.0.2,,,7,1,1
39,8658,2018-07-15,17:00:00.000,International - FIFA World Cup,2018,France,Croatia,4,2,available,scheduled,2023-07-24T13:03:36.244040,2021-06-13T16:17:31.694,7,Final,Stadion Luzhniki,Néstor Fabián Pitana,Didier Deschamps,Zlatko Dalić,1.0.2,,,6,2,1
0,3889218,1970-06-14,20:00:00.000,International - FIFA World Cup,1970,Brazil,Peru,4,2,available,unscheduled,2023-07-17T23:24:45.579886,,4,Quarter-finals,Estadio Jalisco,Vital Georges Gilbert Loraux,Mário Jorge Lobo Zagallo,Waldyr Pereira,1.1.0,2,2,6,2,1
7,3817870,2022-03-06,16:00:00.000,India - Indian Super league,2021/2022,Goa,Kerala Blasters,4,4,available,unscheduled,2022-04-14T17:02:43.532901,,22,Regular Season,GMC Athletic Stadium,Aditya Purkayastha,Derrick Pereira,Ivan Vukomanović,1.1.0,2,2,8,0,1
60,3813283,2021-12-30,16:00:00.000,India - Indian Super league,2021/2022,Chennaiyin,Bengaluru,2,4,available,unscheduled,2023-02-24T03:47:44.181716,,9,Regular Season,Tilak Maidan Stadium,Raul Gupta,Božidar Bandović,Marco Pezzaiuoli,1.1.0,2,2,6,2,1
76,3813318,2021-12-27,16:00:00.000,India - Indian Super league,2021/2022,NorthEast United,Mumbai City,3,3,available,unscheduled,2022-12-01T19:47:56.417429,,9,Regular Season,Pandit Jawaharlal Nehru Stadium,Arumughan Rowan,Khalid Ahmed Jamil,Des Buckingham,1.1.0,2,2,6,0,1
77,3813287,2021-12-16,16:00:00.000,India - Indian Super league,2021/2022,Bengaluru,ATK Mohun Bagan,3,3,available,unscheduled,2022-12-01T19:47:10.085720,,7,Regular Season,GMC Athletic Stadium,Crystal John,Marco Pezzaiuoli,Antonio López Habas,1.1.0,2,2,6,0,1
84,3813317,2021-11-30,16:00:00.000,India - Indian Super league,2021/2022,Odisha,East Bengal,6,4,available,unscheduled,2021-12-21T21:21:29.224454,,3,Regular Season,Tilak Maidan Stadium,Harish Kundu,Francisco Ramírez González,José Manuel Díaz Fernández,1.1.0,2,2,10,2,1
87,3813314,2021-11-19,16:00:00.000,India - Indian Super league,2021/2022,ATK Mohun Bagan,Kerala Blasters,4,2,available,unscheduled,2022-12-01T19:44:23.232260,,1,Regular Season,Pandit Jawaharlal Nehru Stadium,Harish Kundu,Antonio López Habas,Ivan Vukomanović,1.1.0,2,2,6,2,1
96,3813297,2021-11-20,16:00:00.000,India - Indian Super league,2021/2022,Bengaluru,NorthEast United,4,2,available,unscheduled,2023-02-24T05:26:35.972093,,1,Regular Season,GMC Athletic Stadium,Raul Gupta,Marco Pezzaiuoli,Khalid Ahmed Jamil,1.1.0,2,2,6,2,1
105,3813284,2021-12-09,16:00:00.000,India - Indian Super league,2021/2022,Mumbai City,Jamshedpur,4,2,available,unscheduled,2021-12-21T22:09:13.201473,,5,Regular Season,Pandit Jawaharlal Nehru Stadium,Aditya Purkayastha,Des Buckingham,Owen Columba Coyle,1.1.0,2,2,6,2,1
109,3813273,2022-01-03,16:00:00.000,India - Indian Super league,2021/2022,Odisha,Mumbai City,4,2,available,unscheduled,2022-02-19T21:43:43.817776,,10,Regular Season,Tilak Maidan Stadium,Ramachandran Venkatesh,Francisco Ramírez González,Des Buckingham,1.1.0,2,2,6,2,1
112,3813267,2021-12-07,16:00:00.000,India - Indian Super league,2021/2022,East Bengal,Goa,3,4,available,unscheduled,2021-12-21T21:59:57.694647,,5,Regular Season,Tilak Maidan Stadium,Coimbatore Ramaswamy Srikrishna,José Manuel Díaz Fernández,Juan Ferrando Fenol,1.1.0,2,2,7,1,1
17,3773387,2021-05-11,22:00:00.000,Spain - La Liga,2020/2021,Levante UD,Barcelona,3,3,available,available,2021-05-13T00:20:44.739341,2022-08-04T12:00,36,Regular Season,Estadio Ciudad de Valencia,José Luis Munuera Montero,Francisco José López Fernández,Ronald Koeman,1.1.0,2,2,6,0,1
2,16029,2018-10-20,20:45:00.000,Spain - La Liga,2018/2019,Barcelona,Sevilla,4,2,available,scheduled,2020-07-29T05:00,2021-06-13T16:17:31.694,9,Regular Season,Spotify Camp Nou,,Ernesto Valverde Tejedor,Pablo Javier Machín Díez,1.1.0,2,,6,2,1
5,16190,2019-02-23,16:15:00.000,Spain - La Liga,2018/2019,Sevilla,Barcelona,2,4,available,scheduled,2020-07-29T05:00,2021-06-13T16:17:31.694,25,Regular Season,Estadio Ramón Sánchez Pizjuán,Antonio Miguel Mateu Lahoz,Pablo Javier Machín Díez,Ernesto Valverde Tejedor,1.1.0,2,,6,2,1
16,16056,2018-11-11,16:15:00.000,Spain - La Liga,2018/2019,Barcelona,Real Betis,3,4,available,scheduled,2022-12-05T15:56:52.134800,2021-06-13T16:17:31.694,12,Regular Season,Spotify Camp Nou,Antonio Miguel Mateu Lahoz,Ernesto Valverde Tejedor,Enrique Setién Solar,1.1.0,2,2,7,1,1
29,16240,2019-04-02,21:30:00.000,Spain - La Liga,2018/2019,Villarreal,Barcelona,4,4,available,scheduled,2023-07-24T17:45:37.697121,2021-06-13T16:17:31.694,30,Regular Season,Estadio de la Cerámica,,Javier Calleja Revilla,Ernesto Valverde Tejedor,1.1.0,2,,8,0,1
1,9912,2018-04-29,20:45:00.000,Spain - La Liga,2017/2018,RC Deportivo La Coruña,Barcelona,2,4,available,scheduled,2022-12-05T14:42:44.641092,2021-06-13T16:17:31.694,35,Regular Season,Estadio Abanca-Riazor,Ricardo De Burgos Bengoetxea,Clarence Seedorf,Ernesto Valverde Tejedor,1.1.0,2,2,6,2,1
34,9754,2018-01-14,20:45:00.000,Spain - La Liga,2017/2018,Real Sociedad,Barcelona,2,4,available,scheduled,2020-07-29T05:00,2021-06-13T16:17:31.694,19,Regular Season,Reale Arena,José Luis González González,Eusebio Sacristán Mena,Ernesto Valverde Tejedor,1.1.0,2,,6,2,1
12,266440,2017-03-19,20:45:00.000,Spain - La Liga,2016/2017,Barcelona,Valencia,4,2,available,scheduled,2023-07-24T21:40:36.642214,2021-06-13T16:17:31.694,28,Regular Season,Spotify Camp Nou,,Luis Enrique Martínez García,Salvador González Marco,1.1.0,2,2,6,2,1
21,267432,2017-05-21,20:00:00.000,Spain - La Liga,2016/2017,Barcelona,Eibar,4,2,available,scheduled,2022-11-30T18:34:51.329429,2021-06-13T16:17:31.694,38,Regular Season,Spotify Camp Nou,,Luis Enrique Martínez García,José Luis Mendilibar Etxebarria,1.1.0,2,2,6,2,1
4,3825908,2016-05-15,19:00:00.000,Spain - La Liga,2015/2016,Espanyol,Eibar,4,2,available,unscheduled,2022-04-06T22:39:49.425989,,38,Regular Season,RCDE Stadium,Mario Melero López,Constantin Gâlcă,José Luis Mendilibar Etxebarria,1.1.0,2,2,6,2,1
59,3825816,2016-03-13,17:00:00.000,Spain - La Liga,2015/2016,Sevilla,Villarreal,4,2,available,unscheduled,2022-03-22T16:59:03.433435,,29,Regular Season,Estadio Ramón Sánchez Pizjuán,Carlos Velasco Carballo,Unai Emery Etxegoien,Marcelino García Toral,1.1.0,2,2,6,2,1
70,3825804,2016-03-05,23:05:00.000,Spain - La Liga,2015/2016,RC Deportivo La Coruña,Málaga,3,3,available,unscheduled,2022-03-22T16:44:51.542935,,28,Regular Season,Estadio Abanca-Riazor,Carlos Velasco Carballo,Víctor Sánchez del Amo,Javier Gracia Carlos,1.1.0,2,2,6,0,1
90,3825790,2016-02-27,19:15:00.000,Spain - La Liga,2015/2016,Sporting Gijón,Espanyol,2,4,available,unscheduled,2022-03-20T23:03:17.325025,,26,Regular Season,Estadio Municipal El Molinón,Carlos Velasco Carballo,Abelardo Fernández Antuña,Constantin Gâlcă,1.1.0,2,2,6,2,1
103,3825770,2016-02-13,17:00:00.000,Spain - La Liga,2015/2016,Real Madrid,Athletic Club,4,2,available,unscheduled,2022-03-20T22:30:43.857614,,24,Regular Season,Estadio Santiago Bernabéu,Alfonso Álvarez Izquierdo,Zinédine Zidane,Ernesto Valverde Tejedor,1.1.0,2,2,6,2,1
265,3825732,2016-01-16,19:15:00.000,Spain - La Liga,2015/2016,Celta Vigo,Levante UD,4,3,available,unscheduled,2022-05-08T20:42:44.967990,,20,Regular Season,Abanca-Balaídos,Carlos del Cerro Grande,Manuel Eduardo Berizzo,Joan Francesc Ferrer Sicilia,1.1.0,2,2,7,1,1
296,3825632,2015-10-19,20:30:00.000,Spain - La Liga,2015/2016,Sporting Gijón,Granada,3,3,available,unscheduled,2022-02-14T14:39:07.545580,,8,Regular Season,Estadio Municipal El Molinón,Alfonso Álvarez Izquierdo,Abelardo Fernández Antuña,José Ramón Sandoval Huertas,1.1.0,2,2,6,0,1
328,3825585,2015-09-13,18:15:00.000,Spain - La Liga,2015/2016,Celta Vigo,Las Palmas,3,3,available,unscheduled,2022-02-14T13:46:50.660058,,3,Regular Season,Abanca-Balaídos,Xavier Estrada Fernández,Manuel Eduardo Berizzo,Francisco Herrera Lorenzo,1.1.0,2,2,6,0,1
24,265857,2014-03-23,21:00:00.000,Spain - La Liga,2013/2014,Real Madrid,Barcelona,3,4,available,scheduled,2020-07-29T05:00,2021-06-13T16:17:31.694,29,Regular Season,Estadio Santiago Bernabéu,Alberto Undiano Mallenco,Carlo Ancelotti,Gerardo Daniel Martino,1.1.0,2,2,7,1,1
2,70281,2013-05-05,21:00:00.000,Spain - La Liga,2012/2013,Barcelona,Real Betis,4,2,available,scheduled,2020-07-29T05:00,2021-06-13T16:17:31.694,34,Regular Season,Spotify Camp Nou,Carlos Clos Gómez,,,1.1.0,2,2,6,2,1
5,266724,2012-11-11,17:50:00.000,Spain - La Liga,2012/2013,Mallorca,Barcelona,2,4,available,scheduled,2020-07-29T05:00,2021-06-13T16:17:31.694,11,Regular Season,Estadi Mallorca Son Moix,Ignacio Iglesias Villanueva,,,1.1.0,2,2,6,2,1
7,70304,2012-10-20,22:00:00.000,Spain - La Liga,2012/2013,RC Deportivo La Coruña,Barcelona,4,5,available,scheduled,2020-07-29T05:00,2021-06-13T16:17:31.694,8,Regular Season,Estadio Abanca-Riazor,José Paradas,,,1.1.0,2,2,9,1,1
13,70225,2012-03-20,21:00:00.000,Spain - La Liga,2011/2012,Barcelona,Granada,5,3,available,scheduled,2020-07-29T05:00,2021-06-13T16:17:31.694,29,Regular Season,Spotify Camp Nou,José Teixeira,Josep Guardiola i Sala,Abel Resino Gómez,1.1.0,2,2,8,2,1
23,69327,2012-01-15,21:30:00.000,Spain - La Liga,2011/2012,Barcelona,Real Betis,4,2,available,scheduled,2020-07-29T05:00,2021-06-13T16:17:31.694,19,Regular Season,Spotify Camp Nou,Ignacio Iglesias Villanueva,Josep Guardiola i Sala,José Mel Pérez,1.1.0,2,2,6,2,1
10,69250,2009-11-07,20:00:00.000,Spain - La Liga,2009/2010,Barcelona,Mallorca,4,2,available,scheduled,2023-04-19T10:48:01.770383,2021-06-13T16:17:31.694,10,Regular Season,Spotify Camp Nou,Turienzo,Josep Guardiola i Sala,Gregorio Manzano Ballesteros,1.1.0,2,2,6,2,1
32,69227,2010-03-21,21:00:00.000,Spain - La Liga,2009/2010,Real Zaragoza,Barcelona,2,4,available,scheduled,2020-07-29T05:00,2021-06-13T16:17:31.694,27,Regular Season,Estadio de la Romareda,Carlos Delgado,José Aurelio Gay López,Josep Guardiola i Sala,1.1.0,2,2,6,2,1
7,69217,2009-05-10,19:03:00.000,Spain - La Liga,2008/2009,Barcelona,Villarreal,3,3,available,scheduled,2020-07-29T05:00,2021-06-13T16:17:31.694,35,Regular Season,Spotify Camp Nou,Fernando Teixeira,Josep Guardiola i Sala,Manuel Luis Pellegrini Ripamonti,1.1.0,2,2,6,0,1
13,69185,2009-03-01,19:00:00.000,Spain - La Liga,2008/2009,Atlético Madrid,Barcelona,4,3,available,scheduled,2020-07-29T05:00,2021-06-13T16:17:31.694,25,Regular Season,Estadio Vicente Calderón,Bernardino Gonzalez,Abel Resino Gómez,Josep Guardiola i Sala,1.1.0,2,2,7,1,1
4,69186,2008-05-17,22:00:00.000,Spain - La Liga,2007/2008,Real Murcia CF,Barcelona,3,5,available,scheduled,2023-04-19T10:42:35.284291,2021-06-13T16:17:31.694,38,Regular Season,	Estadio Enrique Roca de Murcia,Rafael Ramírez Domínguez,Javier Clemente Lazaro,Frank Rijkaard,1.1.0,2,2,8,2,1
8,68365,2008-03-01,20:00:00.000,Spain - La Liga,2007/2008,Atlético Madrid,Barcelona,4,2,available,scheduled,2020-07-29T05:00,2021-06-13T16:17:31.694,26,Regular Season,Estadio Vicente Calderón,David Fernández Borbalan,Javier Aguirre Onaindía,Frank Rijkaard,1.1.0,2,2,6,2,1
7,68335,2007-03-10,22:00:00.000,Spain - La Liga,2006/2007,Barcelona,Real Madrid,3,3,available,scheduled,2020-07-29T05:00,2021-06-13T16:17:31.694,26,Regular Season,Spotify Camp Nou,Alberto Undiano Mallenco,Frank Rijkaard,Fabio Capello,1.1.0,2,2,6,0,1
6,3837876,2023-02-19,14:00:00.000,France - Ligue 1,2022/2023,Paris Saint-Germain,Lille,4,3,available,available,2023-03-18T14:58:57.060078,2023-06-20T12:22:38.009755,24,Regular Season,Parc des Princes ,Willy Delajod,Christophe Galtier,Paulo Alexandre Rodrigues Fonseca,1.1.0,2,2,7,1,1
21,3837896,2023-03-04,22:00:00.000,France - Ligue 1,2022/2023,Paris Saint-Germain,Nantes,4,2,available,available,2023-06-10T17:36:10.382789,2023-06-20T11:37:01.157577,26,Regular Season,Parc des Princes ,Jeremy Stinat,Christophe Galtier,Antoine Kombouare,1.1.0,2,2,6,2,1
24,3837771,2022-10-29,17:00:00.000,France - Ligue 1,2022/2023,Paris Saint-Germain,Troyes,4,3,available,available,2023-01-06T04:42:52.920674,2023-04-27T10:20:38.809427,13,Regular Season,Parc des Princes ,Eric Wattellier,Christophe Galtier,Bruno Irles,1.1.0,2,2,7,1,1
0,3802643,2022-04-29,21:00:00.000,France - Ligue 1,2021/2022,Strasbourg,Paris Saint-Germain,3,3,available,available,2023-02-23T09:20:34.801073,2023-04-26T17:43:31.267629,35,Regular Season,Stade de la Meinau ,Ruddy Buquet,Julien Stéphan,Mauricio Roberto Pochettino Trossero,1.1.0,2,2,6,0,1
63,3901215,2016-04-16,20:00:00.000,France - Ligue 1,2015/2016,Gazélec Ajaccio,Lille,2,4,available,unscheduled,2023-08-09T06:22:53.069969,,34,Regular Season,Stade Ange Casanova (Ajaccio),,,,1.1.0,2,2,6,2,1
121,3901148,2016-02-20,21:00:00.000,France - Ligue 1,2015/2016,Lorient,Guingamp,4,3,available,unscheduled,2023-08-05T00:58:25.126450,,27,Regular Season,Stade Yves Allainmat - Le Moustoir,Bartolomeu Varela Teles,Sylvain Ripoll,Jocelyn Gourvennec,1.1.0,2,2,7,1,1
160,3900583,2016-01-16,21:00:00.000,France - Ligue 1,2015/2016,Troyes,Rennes,2,4,available,unscheduled,2023-07-29T19:07:34.946968,,21,Regular Season,Stade de l''Aube,Saïd Ennjimi,Claude Robin,Philippe Jacques William Montanier,1.1.0,2,2,6,2,1
214,3900632,2016-02-13,21:00:00.000,France - Ligue 1,2015/2016,Guingamp,Bordeaux,2,4,available,unscheduled,2023-07-28T02:58:24.164367,,26,Regular Season,Stade du Roudourou,Hakim Ben El Hadj Salem,Jocelyn Gourvennec,Willy Sagnol,1.1.0,2,2,6,2,1
262,3900527,2015-11-29,22:00:00.000,France - Ligue 1,2015/2016,Marseille,AS Monaco,3,3,available,unscheduled,2023-07-29T15:30:25.947302,,15,Regular Season,Orange Vélodrome,Clément Turpin,José Miguel González Martín del Campo,José Leonardo Nunes Alves Sousa Jardim,1.1.0,2,2,6,0,1
266,3900520,2015-11-27,21:30:00.000,France - Ligue 1,2015/2016,Lyon,Montpellier,2,4,available,unscheduled,2023-07-25T08:23:14.982687,,15,Regular Season,Stade de Gerland,Benoît Millot,Hubert Fournier,Rolland Courbis,1.1.0,2,2,6,2,1
315,3829488,2015-09-27,17:00:00.000,France - Ligue 1,2015/2016,Guingamp,AS Monaco,3,3,available,unscheduled,2023-07-24T06:02:04.608414,,8,Regular Season,Stade du Roudourou,Wilfried Bien,Jocelyn Gourvennec,José Leonardo Nunes Alves Sousa Jardim,1.1.0,2,2,6,0,1
364,3829427,2015-08-15,20:00:00.000,France - Ligue 1,2015/2016,Troyes,OGC Nice,3,3,available,unscheduled,2023-08-01T16:36:38.805387,,2,Regular Season,Stade de l''Aube,Johan Hamel,Jean-Marc Furlan,Claude Puel,1.1.0,2,2,6,0,1
5,7430,2018-04-15,01:00:00.000,United States of America - NWSL,2018,Washington Spirit,North Carolina Courage,2,4,available,scheduled,2023-07-24T12:56:51.882336,2021-06-13T16:17:31.694,3,Regular Season,Maureen Hendricks Field Maryland SoccerPlex,Jasmine Peralta,James Gabarra,Paul Riley,1.0.2,,,6,2,1
21,7457,2018-05-24,01:30:00.000,United States of America - NWSL,2018,Orlando Pride,North Carolina Courage,3,4,available,scheduled,2023-04-19T10:27:13.723555,2021-06-13T16:17:31.694,9,Regular Season,Exploria Stadium,Christina Unkel,Tom Sermanni,Paul Riley,1.0.2,,,7,1,1
49,3754056,2015-12-28,16:00:00.000,England - Premier League,2015/2016,Everton,Stoke City,3,4,available,scheduled,2022-12-01T13:44:43.258026,2021-06-13T16:17:31.694,19,Regular Season,Goodison Park,Mark Clattenburg,Roberto Martínez Montoliú,Mark Hughes,1.1.0,2,2,7,1,1
99,3754157,2015-11-28,16:00:00.000,England - Premier League,2015/2016,AFC Bournemouth,Everton,3,3,available,scheduled,2020-10-13T22:03:18.128077,2021-06-13T16:17:31.694,14,Regular Season,Vitality Stadium,Kevin Friend,Eddie Howe,Roberto Martínez Montoliú,1.1.0,2,2,6,0,1
124,3754237,2015-08-08,16:00:00.000,England - Premier League,2015/2016,Leicester City,Sunderland,4,2,available,scheduled,2022-07-08T20:43:17.249927,2021-06-13T16:17:31.694,1,Regular Season,King Power Stadium ,Lee Mason,Claudio Ranieri,Dick Advocaat,1.1.0,2,2,6,2,1
174,3754131,2015-08-22,16:00:00.000,England - Premier League,2015/2016,West Ham United,AFC Bournemouth,3,4,available,scheduled,2022-07-08T21:47:04.550288,2021-06-13T16:17:31.694,3,Regular Season,Boleyn Ground,Jonathan Moss,Slaven Bilić,Eddie Howe,1.1.0,2,2,7,1,1
232,3754071,2016-01-13,20:45:00.000,England - Premier League,2015/2016,Swansea City,Sunderland,2,4,available,processing,2021-10-30T00:34:46.190260,2021-06-12T16:17:31.694,21,Regular Season,Swansea.com Stadium,Graham Scott,Alan Curtis,Sam Allardyce,1.1.0,2,2,6,2,1
239,3754088,2016-01-12,20:45:00.000,England - Premier League,2015/2016,Newcastle United,Manchester United,3,3,available,processing,2021-10-30T00:06:51.530211,2021-06-12T16:17:31.694,21,Regular Season,St. James'' Park,Mike Dean,Steve McClaren,Louis van Gaal,1.1.0,2,2,6,0,1
258,3754125,2016-01-16,16:00:00.000,England - Premier League,2015/2016,Chelsea,Everton,3,3,available,processing,2022-01-25T22:40:54.343920,2021-06-12T16:17:31.694,22,Regular Season,Stamford Bridge,Mike Jones,Guus Hiddink,Roberto Martínez Montoliú,1.1.0,2,2,6,0,1
298,3754207,2016-05-11,20:45:00.000,England - Premier League,2015/2016,Norwich City,Watford,4,2,available,processing,2022-12-01T14:46:48.744617,2021-06-12T16:17:31.694,35,Regular Season,Carrow Road,Roger East,Alex Neil,Enrique Sánchez Flores,1.1.0,2,2,6,2,1
314,3754241,2016-04-09,13:45:00.000,England - Premier League,2015/2016,West Ham United,Arsenal,3,3,available,processing,2022-12-01T14:22:15.541147,2021-06-12T16:17:31.694,33,Regular Season,Boleyn Ground,Craig Pawson,Slaven Bilić,Arsène Wenger,1.1.0,2,2,6,0,1
335,3754282,2016-04-23,16:00:00.000,England - Premier League,2015/2016,Aston Villa,Southampton,2,4,available,processing,2022-12-01T14:32:35.514804,2021-06-12T16:17:31.694,35,Regular Season,Villa Park,Neil Swarbrick,Eric Black,Ronald Koeman,1.1.0,2,2,6,2,1
344,3754305,2016-01-13,21:00:00.000,England - Premier League,2015/2016,Liverpool,Arsenal,3,3,available,processing,2022-12-01T13:51:05.910614,2021-06-12T16:17:31.694,21,Regular Season,Anfield ,Mike Jones,Jürgen Klopp,Arsène Wenger,1.1.0,2,2,6,0,1
355,3754320,2016-05-01,17:30:00.000,England - Premier League,2015/2016,Southampton,Manchester City,4,2,available,processing,2021-07-06T18:27:47.200,2021-06-12T16:17:31.694,36,Regular Season,St. Mary''s Stadium,Andre Marriner,Ronald Koeman,Manuel Luis Pellegrini Ripamonti,1.1.0,2,2,6,2,1
371,3754348,2016-01-23,13:45:00.000,England - Premier League,2015/2016,Norwich City,Liverpool,4,5,available,processing,2021-06-28T22:00:05.502,2021-06-12T16:17:31.694,23,Regular Season,Carrow Road,Lee Mason,Alex Neil,Jürgen Klopp,1.1.0,2,2,9,1,1
24,3749448,2004-04-09,13:30:00.000,England - Premier League,2003/2004,Arsenal,Liverpool,4,2,available,scheduled,2020-07-29T05:00,2021-06-13T16:17:31.694,31,Regular Season,Highbury Stadium,,,,1.1.0,2,2,6,2,1
11,3879665,2015-12-20,19:00:00.000,Italy - Serie A,2015/2016,Frosinone,AC Milan,2,4,available,unscheduled,2023-06-21T13:46:12.485342,,17,Regular Season,Stadio Comunale Matusa,Luca Banti,Roberto Stellone,Siniša Mihajlović,1.1.0,2,2,6,2,1
12,3879699,2016-01-24,16:00:00.000,Italy - Serie A,2015/2016,Sampdoria,Napoli,2,4,available,unscheduled,2023-06-21T16:15:53.864191,,21,Regular Season,Stadio Comunale Luigi Ferraris,Daniele Orsato,Vincenzo Montella,Maurizio Sarri,1.1.0,2,2,6,2,1
25,3879564,2015-10-04,15:00:00.000,Italy - Serie A,2015/2016,Palermo,AS Roma,2,4,available,unscheduled,2023-06-17T11:54:54.329674,,7,Regular Season,Stadio Renzo Barbera,Antonio Damato,Giuseppe Iachini,Rudi Garcia,1.1.0,2,2,6,2,1
94,3879874,2016-05-15,20:45:00.000,Italy - Serie A,2015/2016,Lazio,Fiorentina,2,4,available,unscheduled,2023-07-24T07:11:24.794433,,38,Regular Season,Estadio Olímpico,Gianluca Manganiello,Simone Inzaghi,Paulo Manuel Carvalho de Sousa,1.1.0,2,2,6,2,1
115,3879851,2016-05-01,15:00:00.000,Italy - Serie A,2015/2016,AC Milan,Frosinone,3,3,available,unscheduled,2023-07-24T08:26:18.054422,,36,Regular Season,Stadio Giuseppe Meazza    ,Davide Massa,Cristian Brocchi,Roberto Stellone,1.1.0,2,2,6,0,1
132,3879823,2016-04-17,12:30:00.000,Italy - Serie A,2015/2016,Atalanta,AS Roma,3,3,available,unscheduled,2023-07-04T20:55:00.428773,,33,Regular Season,Gewiss Stadium,Massimiliano Irrati,Edoardo Reja,Luciano Spalletti,1.1.0,2,2,6,0,1
187,3879730,2016-02-07,13:30:00.000,Italy - Serie A,2015/2016,Hellas Verona,Inter Milan,3,3,available,unscheduled,2023-06-22T17:23:16.092865,,24,Regular Season,Stadio Marc''Antonio Bentegodi,Piero Giacomelli,Luigi Delneri,Roberto Mancini,1.1.0,2,2,6,0,1
221,3879687,2016-01-16,19:00:00.000,Italy - Serie A,2015/2016,Torino,Frosinone,4,2,available,unscheduled,2023-07-08T18:22:48.076992,,20,Regular Season,Stadio Olimpico Grande Torino,Massimiliano Irrati,Gian Piero Ventura	,Roberto Stellone,1.1.0,2,2,6,2,1
236,3879672,2016-01-06,16:00:00.000,Italy - Serie A,2015/2016,Chievo,AS Roma,3,3,available,unscheduled,2023-06-21T11:53:34.796158,,18,Regular Season,Stadio Marc''Antonio Bentegodi,Massimiliano Irrati,Rolando Maran,Rudi Garcia,1.1.0,2,2,6,0,1
302,3879590,2015-10-28,21:45:00.000,Italy - Serie A,2015/2016,Torino,Genoa,3,3,available,unscheduled,2023-06-20T08:32:04.195858,,10,Regular Season,Stadio Olimpico Grande Torino,Daniele Chiffi,Gian Piero Ventura	,Gian Piero Gasperini,1.1.0,2,2,6,0,1
5,3788764,2021-06-19,18:00:00.000,Europe - UEFA Euro,2020,Portugal,Germany,2,4,available,available,2021-06-20T13:10:40.911,2022-08-04T12:00,2,Group Stage,Allianz Arena,Anthony Taylor,Fernando Manuel Fernandes da Costa Santos,Joachim Löw,1.1.0,2,2,6,2,1
19,3794686,2021-06-28,18:00:00.000,Europe - UEFA Euro,2020,Croatia,Spain,3,5,available,available,2022-12-01T16:32:37.050718,2023-04-27T22:02:01.805791,4,Round of 16,Parken,Cüneyt Çakιr,Zlatko Dalić,Luis Enrique Martínez García,1.1.0,2,2,8,2,1
38,3794691,2021-06-28,21:00:00.000,Europe - UEFA Euro,2020,France,Switzerland,3,3,available,available,2022-12-01T16:31:24.633284,2023-04-27T22:01:06.641175,4,Round of 16,Arena Naţională,Fernando Andrés Rapallini,Didier Deschamps,Vladimir Petković,1.1.0,2,2,6,0,1
42,68338,2019-06-19,21:00:00.000,International - Women's World Cup,2019,Scotland Women's,Argentina Women's,3,3,available,scheduled,2023-07-24T21:39:45.551805,2021-06-13T16:17:31.694,3,Regular Season,Parc des Princes ,Ok Ri-Hyang,"Michelle ""Shelley"" Kerr",José Carlos Borrello,1.1.0,2,2,6,0,1
